AKC_ID,year,month,Group_SSMU_Code,SSMU_Code,Krill_Green_Weight/tons,wq
10019,1985,12,AP,APDPE,317,Y
10020,1985,12,AP,APDPW,188,Y
10021,1985,12,AP,APEI,1404,Y
10022,1985,12,AP,APPA,474,Y
10023,1985,12,AP,APW,549,Y
10024,1985,12,SG,,4078,N
10025,1985,12,SO,,9528,N
10026,1985,12,SS,SSPA,1,Y
10027,1986,1,AP,APBSE,17,Y
10028,1986,1,AP,APDPE,3382,Y
10029,1986,1,AP,APDPW,2768,Y
10030,1986,1,AP,APEI,1541,Y
10031,1986,1,AP,APPA,1510,Y
10032,1986,1,AP,APW,906,Y
10033,1986,1,SO,,26826,N
10034,1986,2,AP,APBSE,32,Y
10035,1986,2,AP,APDPE,8228,Y
10036,1986,2,AP,APDPW,175,Y
10037,1986,2,AP,APEI,10996,Y
10038,1986,2,AP,APPA,79,Y
10039,1986,2,SO,,25238,N
10040,1986,3,AP,APBSE,3,Y
10041,1986,3,AP,APDPE,53,Y
10042,1986,3,AP,APDPW,1111,Y
10043,1986,3,AP,APEI,5539,Y
10044,1986,3,AP,APPA,14,Y
10045,1986,3,SO,,78094,N
10046,1986,4,AP,,1233,N
10047,1986,4,SG,,48,N
10048,1986,4,SO,,52981,N
10049,1986,5,AP,,252,N
10050,1986,5,SG,,31938,N
10051,1986,5,SO,,32628,N
10052,1986,6,SG,,45346,N
10053,1986,7,SG,,16514,N
10054,1986,8,SG,,4520,N
10055,1986,9,SG,,6372,N
10056,1986,10,SG,,1748,N
10057,1986,10,SO,SOW,669,Y
10058,1986,11,AP,APDPE,151,Y
10059,1986,11,AP,APPA,124,Y
10060,1986,11,SG,,32,N
10061,1986,11,SO,SOW,1131,Y
10062,1986,12,AP,APDPE,440,Y
10063,1986,12,AP,APEI,2825,Y
10064,1986,12,AP,APPA,350,Y
10065,1986,12,SG,,58,N
10066,1986,12,SO,SONE,194,Y
10067,1986,12,SO,SOPA,559,Y
10068,1986,12,SO,SOW,5856,Y
10069,1987,1,AP,APBSW,1,Y
10070,1987,1,AP,APDPE,5402,Y
10071,1987,1,AP,APDPW,61,Y
10072,1987,1,AP,APEI,10461,Y
10073,1987,1,AP,APPA,2364,Y
10074,1987,1,SG,,16974,N
10075,1987,1,SO,SONE,488,Y
10076,1987,1,SO,SOPA,436,Y
10077,1987,1,SO,SOW,4418,Y
10078,1987,2,AP,APBSE,12,Y
10079,1987,2,AP,APBSW,0,Y
10080,1987,2,AP,APDPE,3522,Y
10081,1987,2,AP,APDPW,0,Y
10082,1987,2,AP,APEI,17964,Y
10083,1987,2,AP,APPA,179,Y
10084,1987,2,SG,,16098,N
10085,1987,2,SO,SOPA,30,Y
10086,1987,2,SO,SOW,3209,Y
10087,1987,3,AP,APDPE,2093,Y
10088,1987,3,AP,APDPW,386,Y
10089,1987,3,AP,APEI,18030,Y
10090,1987,3,AP,APPA,443,Y
10091,1987,3,SG,,15608,N
10092,1987,3,SO,SOW,2912,Y
10093,1987,4,AP,APDPE,344,Y
10094,1987,4,AP,APDPW,1335,Y
10095,1987,4,AP,APEI,4055,Y
10096,1987,4,SG,,65176,N
10097,1987,5,SG,,67628,N
10098,1987,6,SG,,45478,N
10099,1987,7,SG,SGE,38604,Y
10100,1987,8,SG,SGE,25101,Y
10101,1987,9,SG,SGE,16893,Y
10102,1987,10,SG,SGE,4516,Y
10103,1987,11,SO,SOW,325,Y
10104,1987,12,AP,APDPE,1,Y
10105,1987,12,AP,APEI,562,Y
10106,1987,12,AP,APPA,257,Y
10107,1987,12,SO,SONE,44,Y
10108,1987,12,SO,SOPA,303,Y
10109,1987,12,SO,SOW,544,Y
10110,1988,1,AP,APBSW,0,Y
10111,1988,1,AP,APDPE,6800,Y
10112,1988,1,AP,APDPW,7300,Y
10113,1988,1,AP,APEI,2454,Y
10114,1988,1,AP,APPA,1543,Y
10115,1988,1,AP,APW,28,Y
10116,1988,1,SO,SOPA,400,Y
10117,1988,1,SO,SOW,15674,Y
10118,1988,2,AP,APBSW,50,Y
10119,1988,2,AP,APDPE,2577,Y
10120,1988,2,AP,APDPW,23289,Y
10121,1988,2,AP,APEI,944,Y
10122,1988,2,AP,APPA,13,Y
10123,1988,2,SG,SGW,14,Y
10124,1988,2,SO,SONE,4306,Y
10125,1988,2,SO,SOW,10273,Y
10126,1988,3,AP,APDPE,862,Y
10127,1988,3,AP,APDPW,12933,Y
10128,1988,3,AP,APEI,9108,Y
10129,1988,3,AP,APPA,128,Y
10130,1988,3,SG,SGW,10,Y
10131,1988,3,SO,SOPA,26,Y
10132,1988,3,SO,SOSE,19303,Y
10133,1988,3,SO,SOW,2130,Y
10134,1988,4,AP,APEI,10070,Y
10135,1988,4,SG,SGE,16428,Y
10136,1988,4,SO,SOW,40681,Y
10137,1988,5,SG,SGE,41025,Y
10138,1988,5,SO,SOW,650,Y
10139,1988,6,SG,SGE,47901,Y
10140,1988,7,SG,SGE,288,Y
10141,1988,7,SG,SGPA,62406,Y
10142,1988,8,SG,SGE,348,Y
10143,1988,8,SG,SGPA,37451,Y
10144,1988,9,SG,SGPA,5779,Y
10145,1988,10,SO,SOPA,553,Y
10146,1988,11,SO,SOPA,3394,Y
10147,1988,12,AP,APDPE,1171,Y
10148,1988,12,AP,APEI,115,Y
10149,1988,12,AP,APPA,672,Y
10150,1988,12,AP,APW,35,Y
10151,1988,12,SG,SGPA,192,Y
10152,1988,12,SO,SOPA,27513,Y
10153,1988,12,SO,SOW,11,Y
10154,1989,1,AP,APDPE,1105,Y
10155,1989,1,AP,APDPW,4013,Y
10156,1989,1,AP,APEI,25890,Y
10157,1989,1,AP,APPA,4198,Y
10158,1989,1,SG,SGPA,267,Y
10159,1989,1,SO,SOPA,20275,Y
10160,1989,1,SO,SOW,993,Y
10161,1989,2,AP,APBSW,14,Y
10162,1989,2,AP,APDPE,3618,Y
10163,1989,2,AP,APDPW,25097,Y
10164,1989,2,AP,APEI,5515,Y
10165,1989,2,AP,APPA,488,Y
10166,1989,2,SG,SGPA,900,Y
10167,1989,2,SO,SOPA,17719,Y
10168,1989,2,SO,SOW,1708,Y
10169,1989,3,AP,APBSW,7,Y
10170,1989,3,AP,APDPE,217,Y
10171,1989,3,AP,APDPW,13599,Y
10172,1989,3,AP,APEI,10962,Y
10173,1989,3,AP,APPA,82,Y
10174,1989,3,SG,SGE,5706,Y
10175,1989,3,SG,SGPA,29,Y
10176,1989,3,SO,SOPA,7370,Y
10177,1989,3,SO,SOW,2664,Y
10178,1989,4,AP,APDPE,3957,Y
10179,1989,4,AP,APDPW,4296,Y
10180,1989,4,AP,APEI,489,Y
10181,1989,4,AP,APPA,15,Y
10182,1989,4,SG,SGE,29422,Y
10183,1989,4,SG,SGPA,20,Y
10184,1989,4,SO,SONE,14,Y
10185,1989,4,SO,SOPA,14,Y
10186,1989,4,SO,SOW,178,Y
10187,1989,5,SG,SGE,34001,Y
10188,1989,6,SG,SGE,29545,Y
10189,1989,7,SG,SGE,33960,Y
10190,1989,8,SG,SGE,16006,Y
10191,1989,9,SG,SGE,7755,Y
10192,1989,10,SG,SGE,701,Y
10193,1989,10,SO,SOW,538,Y
10194,1989,11,SG,SGE,112,Y
10195,1989,11,SO,SOW,9104,Y
10196,1989,12,AP,APDPE,316,Y
10197,1989,12,AP,APDPW,309,Y
10198,1989,12,AP,APEI,1180,Y
10199,1989,12,AP,APPA,353,Y
10200,1989,12,AP,APW,8,Y
10201,1989,12,SG,SGE,2261,Y
10202,1989,12,SO,SOW,27776,Y
10203,1990,1,AP,APDPE,7227,Y
10204,1990,1,AP,APDPW,3730,Y
10205,1990,1,AP,APEI,2985,Y
10206,1990,1,AP,APPA,159,Y
10207,1990,1,SO,SOPA,8527,Y
10208,1990,1,SO,SOW,10064,Y
10209,1990,2,AP,APBSE,11,Y
10210,1990,2,AP,APDPE,1132,Y
10211,1990,2,AP,APDPW,3170,Y
10212,1990,2,AP,APEI,9820,Y
10213,1990,2,AP,APPA,168,Y
10214,1990,2,SO,SOPA,16542,Y
10215,1990,3,AP,APDPW,53,Y
10216,1990,3,AP,APEI,7266,Y
10217,1990,3,AP,APPA,51,Y
10218,1990,3,SO,SOPA,25981,Y
10219,1990,4,AP,APDPE,2754,Y
10220,1990,4,AP,APDPW,73,Y
10221,1990,4,AP,APEI,1367,Y
10222,1990,4,AP,APPA,343,Y
10223,1990,4,SO,SOPA,30758,Y
10224,1990,4,SO,SOW,13005,Y
10225,1990,5,SG,SGPA,1009,Y
10226,1990,5,SO,SONE,0,Y
10227,1990,5,SO,SOW,57196,Y
10228,1990,6,SG,SGE,9343,Y
10229,1990,6,SG,SGPA,10222,Y
10230,1990,6,SO,SOW,21027,Y
10231,1990,7,SG,SGE,35625,Y
10232,1990,7,SG,SGPA,48,Y
10233,1990,7,SG,SGW,3927,Y
10234,1990,8,SG,SGE,23223,Y
10235,1990,8,SG,SGW,2564,Y
10236,1990,9,SG,SGE,17851,Y
10237,1990,9,SG,SGPA,80,Y
10238,1990,9,SG,SGW,739,Y
10239,1990,10,AP,APEI,688,Y
10240,1990,10,SG,SGE,388,Y
10241,1990,10,SO,SONE,2405,Y
10242,1990,11,AP,APEI,1587,Y
10243,1990,11,SG,SGE,534,Y
10244,1990,11,SO,SONE,10252,Y
10245,1990,12,AP,APBSE,1017,Y
10246,1990,12,AP,APDPE,85,Y
10247,1990,12,AP,APDPW,6,Y
10248,1990,12,AP,APEI,1430,Y
10249,1990,12,AP,APPA,105,Y
10250,1990,12,SG,SGE,930,Y
10251,1990,12,SO,SONE,12616,Y
10252,1990,12,SO,SOPA,4,Y
10253,1990,12,SO,SOW,2779,Y
10254,1991,1,AP,APDPE,5274,Y
10255,1991,1,AP,APDPW,6980,Y
10256,1991,1,AP,APEI,86,Y
10257,1991,1,AP,APPA,485,Y
10258,1991,1,AP,APW,1,Y
10259,1991,1,SO,SOW,15188,Y
10260,1991,2,AP,APBSW,439,Y
10261,1991,2,AP,APDPE,1099,Y
10262,1991,2,AP,APDPW,11636,Y
10263,1991,2,AP,APEI,22,Y
10264,1991,2,AP,APPA,86,Y
10265,1991,2,SO,SOPA,17,Y
10266,1991,2,SO,SOW,27115,Y
10267,1991,3,AP,APDPE,1501,Y
10268,1991,3,AP,APDPW,7734,Y
10269,1991,3,AP,APEI,11170,Y
10270,1991,3,SO,SOPA,40,Y
10271,1991,3,SO,SOW,30452,Y
10272,1991,4,AP,APDPE,315,Y
10273,1991,4,AP,APDPW,17,Y
10274,1991,4,AP,APEI,12875,Y
10275,1991,4,SO,SOW,47972,Y
10276,1991,5,SG,SGE,10899,Y
10277,1991,5,SG,SGPA,17,Y
10278,1991,5,SG,SGW,2,Y
10279,1991,5,SO,SONE,293,Y
10280,1991,5,SO,SOSE,202,Y
10281,1991,5,SO,SOW,17921,Y
10282,1991,6,SG,SGE,26685,Y
10283,1991,6,SG,SGPA,2,Y
10284,1991,6,SG,SGW,48,Y
10285,1991,7,SG,SGE,28713,Y
10286,1991,7,SG,SGPA,696,Y
10287,1991,7,SG,SGW,6673,Y
10288,1991,8,SG,SGE,13791,Y
10289,1991,8,SG,SGPA,7414,Y
10290,1991,8,SG,SGW,143,Y
10291,1991,9,SG,SGE,3709,Y
10292,1991,9,SG,SGW,1078,Y
10293,1991,10,AP,APPA,219,Y
10294,1991,10,SG,SGE,38,Y
10295,1991,10,SG,SGW,804,Y
10296,1991,11,AP,APEI,4045,Y
10297,1991,11,AP,APPA,3035,Y
10298,1991,11,SG,SGPA,28,Y
10299,1991,11,SO,SONE,152,Y
10300,1991,11,SO,SOPA,5062,Y
10301,1991,11,SO,SOW,170,Y
10302,1991,12,AP,APDPE,25,Y
10303,1991,12,AP,APDPW,2519,Y
10304,1991,12,AP,APPA,90,Y
10305,1991,12,AP,APW,18,Y
10306,1991,12,SO,SONE,1363,Y
10307,1991,12,SO,SOPA,18612,Y
10308,1991,12,SO,SOW,5745,Y
10309,1992,1,AP,APBSE,92,Y
10310,1992,1,AP,APDPE,4808,Y
10311,1992,1,AP,APDPW,10707,Y
10312,1992,1,AP,APEI,716,Y
10313,1992,1,AP,APPA,596,Y
10314,1992,1,SO,SOPA,11966,Y
10315,1992,1,SO,SOW,4746,Y
10316,1992,2,AP,APBSW,5,Y
10317,1992,2,AP,APDPE,3061,Y
10318,1992,2,AP,APDPW,12912,Y
10319,1992,2,AP,APEI,1149,Y
10320,1992,2,AP,APPA,386,Y
10321,1992,2,SG,,230,N
10322,1992,2,SO,SONE,1068,Y
10323,1992,2,SO,SOPA,697,Y
10324,1992,2,SO,SOW,11643,Y
10325,1992,3,AP,APDPE,1028,Y
10326,1992,3,AP,APDPW,13963,Y
10327,1992,3,AP,APEI,3493,Y
10328,1992,3,AP,APPA,171,Y
10329,1992,3,SO,SONE,603,Y
10330,1992,3,SO,SOPA,11049,Y
10331,1992,3,SO,SOW,7463,Y
10332,1992,4,AP,APDPE,98,Y
10333,1992,4,AP,APDPW,11544,Y
10334,1992,4,AP,APEI,883,Y
10335,1992,4,AP,APPA,35,Y
10336,1992,4,SO,SONE,291,Y
10337,1992,4,SO,SOPA,177,Y
10338,1992,4,SO,SOW,30169,Y
10339,1992,5,AP,APBSW,445,Y
10340,1992,5,AP,APDPW,2371,Y
10341,1992,5,SG,SGE,15608,Y
10342,1992,5,SG,SGPA,179,Y
10343,1992,5,SO,SONE,150,Y
10344,1992,5,SO,SOPA,219,Y
10345,1992,5,SO,SOW,11511,Y
10346,1992,6,SG,SGE,20876,Y
10347,1992,6,SG,SGPA,106,Y
10348,1992,6,SG,SGW,1225,Y
10349,1992,6,SO,,330,N
10350,1992,7,SG,SGE,8044,Y
10351,1992,7,SG,SGPA,868,Y
10352,1992,7,SG,SGW,5832,Y
10353,1992,7,SS,SSPA,50,Y
10354,1992,8,SG,SGE,792,Y
10355,1992,8,SG,SGPA,45,Y
10356,1992,8,SG,SGW,6919,Y
10357,1992,9,AP,APPA,66,Y
10358,1992,9,SG,SGPA,61,Y
10359,1992,9,SG,SGW,3460,Y
10360,1992,10,AP,APEI,23,Y
10361,1992,10,AP,APPA,2662,Y
10362,1992,11,AP,APPA,1698,Y
10363,1992,12,AP,APPA,18,Y
10364,1992,12,SO,SOPA,72,Y
10365,1992,12,SO,SOW,56,Y
10366,1993,1,AP,APDPE,218,Y
10367,1993,1,AP,APDPW,2582,Y
10368,1993,1,AP,APW,3,Y
10369,1993,1,SO,SOPA,72,Y
10370,1993,1,SO,SOW,946,Y
10371,1993,2,AP,APDPE,282,Y
10372,1993,2,AP,APDPW,6473,Y
10373,1993,2,AP,APEI,190,Y
10374,1993,2,AP,APPA,19,Y
10375,1993,2,SO,SONE,50,Y
10376,1993,2,SO,SOW,729,Y
10377,1993,3,AP,APBSW,40,Y
10378,1993,3,AP,APDPE,30,Y
10379,1993,3,AP,APDPW,14422,Y
10380,1993,3,AP,APEI,2075,Y
10381,1993,3,SO,SOW,743,Y
10382,1993,4,AP,APBSW,5,Y
10383,1993,4,AP,APDPW,6809,Y
10384,1993,4,AP,APEI,100,Y
10385,1993,4,SG,SGE,674,Y
10386,1993,4,SO,SONE,4190,Y
10387,1993,4,SO,SOPA,449,Y
10388,1993,4,SO,SOW,247,Y
10389,1993,5,SG,SGE,1290,Y
10390,1993,5,SG,SGPA,8,Y
10391,1993,5,SO,SOW,1243,Y
10392,1993,6,SG,SGE,969,Y
10393,1993,6,SG,SGW,1077,Y
10394,1993,6,SO,SOPA,655,Y
10395,1993,6,SO,SOW,3218,Y
10396,1993,7,SG,SGE,320,Y
10397,1993,7,SG,SGPA,108,Y
10398,1993,7,SG,SGW,7827,Y
10399,1993,8,SG,SGW,1503,Y
10400,1993,9,SG,,881,N
10401,1993,10,SG,,84,N
10402,1994,1,AP,APDPE,508,Y
10403,1994,1,AP,APDPW,4188,Y
10404,1994,1,AP,APPA,5,Y
10405,1994,1,AP,APW,5,Y
10406,1994,2,AP,APBSW,140,Y
10407,1994,2,AP,APDPW,8353,Y
10408,1994,2,SG,,3,N
10409,1994,3,AP,APBSW,6,Y
10410,1994,3,AP,APDPE,195,Y
10411,1994,3,AP,APDPW,12357,Y
10412,1994,3,AP,APEI,401,Y
10413,1994,3,SO,SONE,147,Y
10414,1994,3,SO,SOSE,188,Y
10415,1994,3,SO,SOW,3156,Y
10416,1994,4,AP,APDPE,6,Y
10417,1994,4,AP,APDPW,1558,Y
10418,1994,4,AP,APEI,15285,Y
10419,1994,4,SO,SOPA,4,Y
10420,1994,4,SO,SOSE,12,Y
10421,1994,4,SO,SOW,5697,Y
10422,1994,5,AP,APDPW,117,Y
10423,1994,5,AP,APEI,1961,Y
10424,1994,5,SG,SGE,511,Y
10425,1994,5,SO,SOSE,1104,Y
10426,1994,5,SO,SOW,8613,Y
10427,1994,6,SG,SGE,7023,Y
10428,1994,6,SG,SGPA,382,Y
10429,1994,6,SG,SGW,5,Y
10430,1994,6,SO,SOW,340,Y
10431,1994,7,SG,SGE,8820,Y
10432,1994,7,SG,SGW,6,Y
10433,1994,8,SG,SGE,3551,Y
10434,1994,12,SO,SOW,862,Y
10435,1995,1,AP,APDPE,122,Y
10436,1995,1,AP,APDPW,3100,Y
10437,1995,1,AP,APEI,813,Y
10438,1995,1,AP,APPA,55,Y
10439,1995,1,SO,SOW,505,Y
10440,1995,2,AP,APDPE,143,Y
10441,1995,2,AP,APDPW,4459,Y
10442,1995,2,AP,APEI,1626,Y
10443,1995,2,AP,APPA,3316,Y
10444,1995,3,AP,APDPE,1797,Y
10445,1995,3,AP,APDPW,5334,Y
10446,1995,3,AP,APEI,1081,Y
10447,1995,3,AP,APPA,113,Y
10448,1995,3,SO,SONE,1273,Y
10449,1995,3,SO,SOW,7233,Y
10450,1995,4,AP,APEI,10269,Y
10451,1995,4,SO,SOSE,24,Y
10452,1995,4,SO,SOW,10683,Y
10453,1995,5,AP,APBSW,399,Y
10454,1995,5,AP,APDPE,582,Y
10455,1995,5,AP,APDPW,942,Y
10456,1995,5,AP,APEI,874,Y
10457,1995,5,SO,SOW,19161,Y
10458,1995,6,SG,SGE,21020,Y
10459,1995,6,SG,SGPA,72,Y
10460,1995,6,SG,SGW,120,Y
10461,1995,6,SO,SOPA,27,Y
10462,1995,6,SO,SOW,9064,Y
10463,1995,7,SG,SGE,24902,Y
10464,1995,7,SG,SGW,35,Y
10465,1995,8,SG,SGE,839,Y
10466,1995,8,SG,SGPA,87,Y
10467,1995,9,SG,SGE,207,Y
10468,1995,9,SG,SGW,138,Y
10469,1995,10,AP,APEI,142,Y
10470,1995,10,AP,APPA,831,Y
10471,1995,11,AP,APEI,226,Y
10472,1995,11,AP,APPA,1941,Y
10473,1995,12,AP,APDPE,384,Y
10474,1995,12,AP,APDPW,1559,Y
10475,1995,12,AP,APE,25,Y
10476,1995,12,AP,APEI,43,Y
10477,1995,12,AP,APPA,2237,Y
10478,1995,12,SO,SONE,3,Y
10479,1995,12,SO,SOPA,0,Y
10480,1995,12,SO,SOW,0,Y
10481,1996,1,AP,APDPE,120,Y
10482,1996,1,AP,APDPW,3357,Y
10483,1996,1,AP,APPA,527,Y
10484,1996,2,AP,APDPW,8004,Y
10485,1996,2,AP,APEI,2064,Y
10486,1996,2,AP,APPA,38,Y
10487,1996,3,AP,APDPE,276,Y
10488,1996,3,AP,APDPW,6606,Y
10489,1996,3,AP,APEI,3042,Y
10490,1996,3,AP,APPA,651,Y
10491,1996,3,SO,SOW,268,Y
10492,1996,4,AP,APDPE,470,Y
10493,1996,4,AP,APDPW,3406,Y
10494,1996,4,AP,APEI,6181,Y
10495,1996,4,SO,SOW,1381,Y
10496,1996,5,AP,APBSW,1458,Y
10497,1996,5,AP,APDPE,918,Y
10498,1996,5,AP,APDPW,9172,Y
10499,1996,5,AP,APEI,1216,Y
10500,1996,5,SG,SGE,1586,Y
10501,1996,5,SG,SGW,29,Y
10502,1996,5,SO,SOPA,10,Y
10503,1996,5,SO,SOW,1071,Y
10504,1996,6,AP,APBSW,7,Y
10505,1996,6,AP,APDPE,1899,Y
10506,1996,6,AP,APDPW,5584,Y
10507,1996,6,SG,SGE,8712,Y
10508,1996,6,SG,SGPA,38,Y
10509,1996,6,SG,SGW,17,Y
10510,1996,7,AP,APDPE,63,Y
10511,1996,7,AP,APDPW,52,Y
10512,1996,7,SG,SGE,10851,Y
10513,1996,7,SG,SGPA,25,Y
10514,1996,7,SG,SGW,628,Y
10515,1996,8,SG,SGE,2139,Y
10516,1996,9,SG,SGE,201,Y
10517,1996,9,SG,SGW,2226,Y
10518,1996,10,AP,APEI,47,Y
10519,1996,10,AP,APPA,1583,Y
10520,1996,11,AP,APEI,20,Y
10521,1996,11,AP,APPA,955,Y
10522,1996,12,AP,APDPE,4,Y
10523,1996,12,AP,APDPW,959,Y
10524,1996,12,AP,APEI,877,Y
10525,1996,12,AP,APPA,685,Y
10526,1996,12,SO,SONE,91,Y
10527,1996,12,SO,SOW,8,Y
10528,1997,1,AP,APDPE,219,Y
10529,1997,1,AP,APDPW,2926,Y
10530,1997,1,AP,APEI,909,Y
10531,1997,1,AP,APPA,9,Y
10532,1997,2,AP,APBSE,13,Y
10533,1997,2,AP,APDPE,1003,Y
10534,1997,2,AP,APDPW,6935,Y
10535,1997,2,AP,APEI,1437,Y
10536,1997,2,AP,APPA,79,Y
10537,1997,3,AP,APBSW,47,Y
10538,1997,3,AP,APDPE,1036,Y
10539,1997,3,AP,APDPW,3876,Y
10540,1997,3,AP,APEI,2645,Y
10541,1997,4,AP,APBSW,163,Y
10542,1997,4,AP,APDPE,1710,Y
10543,1997,4,AP,APDPW,5086,Y
10544,1997,4,AP,APEI,3164,Y
10545,1997,4,AP,APPA,53,Y
10546,1997,5,AP,APDPE,10258,Y
10547,1997,5,AP,APDPW,2444,Y
10548,1997,5,AP,APEI,29,Y
10549,1997,5,AP,APPA,71,Y
10550,1997,6,AP,APDPE,1393,Y
10551,1997,6,AP,APDPW,524,Y
10552,1997,6,AP,APPA,12,Y
10553,1997,6,SG,SGE,15022,Y
10554,1997,6,SG,SGW,32,Y
10555,1997,7,SG,SGE,11356,Y
10556,1997,8,SG,SGE,1,Y
10557,1997,8,SG,SGW,23,Y
10558,1997,9,SG,SGE,226,Y
10559,1997,9,SG,SGW,51,Y
10560,1997,10,AP,APEI,55,Y
10561,1997,10,AP,APPA,64,Y
10562,1997,11,AP,APEI,6,Y
10563,1997,11,AP,APPA,153,Y
10564,1997,12,AP,APDPE,679,Y
10565,1997,12,AP,APDPW,705,Y
10566,1997,12,AP,APEI,971,Y
10567,1997,12,AP,APPA,335,Y
10568,1997,12,SO,SOPA,65,Y
10569,1998,1,AP,APDPE,998,Y
10570,1998,1,AP,APDPW,1458,Y
10571,1998,1,AP,APEI,1162,Y
10572,1998,1,AP,APPA,6,Y
10573,1998,1,SO,SOPA,174,Y
10574,1998,1,SO,SOW,46,Y
10575,1998,2,AP,APDPE,221,Y
10576,1998,2,AP,APDPW,2157,Y
10577,1998,2,AP,APEI,2451,Y
10578,1998,2,AP,APPA,1209,Y
10579,1998,2,AP,APW,111,Y
10580,1998,2,SO,SONE,2,Y
10581,1998,2,SO,SOPA,10,Y
10582,1998,2,SO,SOW,1534,Y
10583,1998,3,AP,APDPE,2026,Y
10584,1998,3,AP,APDPW,1642,Y
10585,1998,3,AP,APEI,1291,Y
10586,1998,3,AP,APPA,801,Y
10587,1998,3,AP,APW,1123,Y
10588,1998,3,SO,SONE,302,Y
10589,1998,3,SO,SOW,497,Y
10590,1998,4,AP,APBSE,85,Y
10591,1998,4,AP,APDPE,8297,Y
10592,1998,4,AP,APDPW,3198,Y
10593,1998,4,AP,APEI,84,Y
10594,1998,4,AP,APPA,40,Y
10595,1998,4,AP,APW,1037,Y
10596,1998,5,AP,APBSW,30,Y
10597,1998,5,AP,APDPE,4032,Y
10598,1998,5,AP,APDPW,3390,Y
10599,1998,5,AP,APPA,927,Y
10600,1998,5,AP,APW,587,Y
10601,1998,5,SG,SGE,2383,Y
10602,1998,5,SO,SOW,4043,Y
10603,1998,6,AP,APBSW,47,Y
10604,1998,6,AP,APDPE,1696,Y
10605,1998,6,AP,APDPW,6762,Y
10606,1998,6,SG,SGE,10224,Y
10607,1998,6,SG,SGW,27,Y
10608,1998,7,AP,APBSW,2152,Y
10609,1998,7,AP,APDPW,4227,Y
10610,1998,7,SG,SGE,8016,Y
10611,1998,7,SG,SGPA,287,Y
10612,1998,7,SG,SGW,1190,Y
10613,1998,8,SG,SGE,1386,Y
10614,1998,8,SG,SGPA,10,Y
10615,1998,8,SG,SGW,820,Y
10616,1998,9,SG,SGW,862,Y
10617,1998,10,AP,APDPE,14,Y
10618,1998,10,AP,APPA,540,Y
10619,1998,10,SG,SGE,956,Y
10620,1998,10,SG,SGPA,14,Y
10621,1998,10,SG,SGW,602,Y
10622,1998,11,AP,APPA,82,Y
10623,1998,12,AP,APDPE,11,Y
10624,1998,12,AP,APDPW,1414,Y
10625,1998,12,AP,APEI,23,Y
10626,1998,12,SO,SOW,48,Y
10627,1999,1,AP,APBSW,96,Y
10628,1999,1,AP,APDPE,8,Y
10629,1999,1,AP,APDPW,1902,Y
10630,1999,1,AP,APEI,1034,Y
10631,1999,1,AP,APW,1542,Y
10632,1999,2,AP,APBSE,127,Y
10633,1999,2,AP,APBSW,2,Y
10634,1999,2,AP,APDPE,1227,Y
10635,1999,2,AP,APDPW,5888,Y
10636,1999,2,AP,APEI,493,Y
10637,1999,2,AP,APW,1734,Y
10638,1999,3,AP,APBSE,298,Y
10639,1999,3,AP,APDPE,3129,Y
10640,1999,3,AP,APDPW,720,Y
10641,1999,3,AP,APEI,3004,Y
10642,1999,3,AP,APW,363,Y
10643,1999,3,SO,SOPA,282,Y
10644,1999,3,SO,SOW,1551,Y
10645,1999,4,AP,APDPE,2889,Y
10646,1999,4,AP,APEI,4455,Y
10647,1999,4,AP,APW,252,Y
10648,1999,4,SO,SOPA,650,Y
10649,1999,4,SO,SOW,6423,Y
10650,1999,5,AP,APDPE,88,Y
10651,1999,5,AP,APDPW,287,Y
10652,1999,5,AP,APEI,13,Y
10653,1999,5,AP,APW,3,Y
10654,1999,5,SO,SONE,3434,Y
10655,1999,5,SO,SOSE,4002,Y
10656,1999,5,SO,SOW,15095,Y
10657,1999,6,AP,APDPW,878,Y
10658,1999,6,SO,SONE,14,Y
10659,1999,6,SO,SOSE,4882,Y
10660,1999,6,SO,SOW,13898,Y
10661,1999,7,SG,,985,N
10662,1999,7,SO,SONE,21,Y
10663,1999,7,SO,SOSE,3508,Y
10664,1999,7,SO,SOW,8019,Y
10665,1999,8,AP,APBSE,490,Y
10666,1999,8,AP,APBSW,9,Y
10667,1999,8,AP,APDPE,82,Y
10668,1999,8,AP,APPA,260,Y
10669,1999,8,SO,SOW,251,Y
10670,1999,9,AP,APBSE,1,Y
10671,1999,9,AP,APDPE,2900,Y
10672,1999,9,AP,APPA,42,Y
10673,1999,10,AP,APDPE,254,Y
10674,1999,10,AP,APDPW,294,Y
10675,1999,10,AP,APPA,913,Y
10676,1999,11,AP,APEI,35,Y
10677,1999,11,AP,APPA,1733,Y
10678,1999,12,AP,APDPE,264,Y
10679,1999,12,AP,APEI,324,Y
10680,1999,12,SO,SOW,66,Y
10681,2000,1,AP,APDPE,279,Y
10682,2000,1,AP,APDPW,4028,Y
10683,2000,1,AP,APEI,49,Y
10684,2000,1,AP,APPA,75,Y
10685,2000,1,AP,APW,108,Y
10686,2000,2,AP,APBSW,36,Y
10687,2000,2,AP,APDPE,2107,Y
10688,2000,2,AP,APDPW,8422,Y
10689,2000,2,AP,APEI,2598,Y
10690,2000,2,AP,APPA,501,Y
10691,2000,3,AP,APBSE,137,Y
10692,2000,3,AP,APDPE,3787,Y
10693,2000,3,AP,APDPW,987,Y
10694,2000,3,AP,APEI,1168,Y
10695,2000,3,AP,APPA,675,Y
10696,2000,3,SO,SONE,513,Y
10697,2000,3,SO,SOSE,45,Y
10698,2000,3,SO,SOW,884,Y
10699,2000,4,AP,APBSE,108,Y
10700,2000,4,AP,APBSW,4,Y
10701,2000,4,AP,APDPE,8581,Y
10702,2000,4,AP,APDPW,277,Y
10703,2000,4,AP,APEI,4560,Y
10704,2000,4,AP,APPA,70,Y
10705,2000,5,AP,APBSE,54,Y
10706,2000,5,AP,APDPE,4607,Y
10707,2000,5,AP,APDPW,11929,Y
10708,2000,5,AP,APEI,2426,Y
10709,2000,5,AP,APPA,3,Y
10710,2000,5,SO,SONE,470,Y
10711,2000,5,SO,SOPA,1868,Y
10712,2000,5,SO,SOSE,180,Y
10713,2000,5,SO,SOW,1721,Y
10714,2000,6,AP,APBSW,54,Y
10715,2000,6,AP,APDPE,367,Y
10716,2000,6,AP,APDPW,3942,Y
10717,2000,6,AP,APEI,295,Y
10718,2000,6,AP,APPA,118,Y
10719,2000,6,SG,SGE,4661,Y
10720,2000,6,SG,SGW,10,Y
10721,2000,6,SO,SONE,150,Y
10722,2000,6,SO,SOPA,1280,Y
10723,2000,6,SO,SOSE,1271,Y
10724,2000,6,SO,SOW,8443,Y
10725,2000,7,AP,APBSE,803,Y
10726,2000,7,AP,APBSW,744,Y
10727,2000,7,AP,APDPW,2436,Y
10728,2000,7,SG,SGE,7150,Y
10729,2000,7,SG,SGPA,3988,Y
10730,2000,7,SG,SGW,2363,Y
10731,2000,8,AP,APBSE,807,Y
10732,2000,8,AP,APBSW,3519,Y
10733,2000,8,AP,APDPE,729,Y
10734,2000,8,SG,SGE,996,Y
10735,2000,8,SG,SGPA,5096,Y
10736,2000,8,SG,SGW,27,Y
10737,2000,9,SG,,968,N
10738,2000,10,SG,,297,N
10739,2000,12,AP,APBSE,171,Y
10740,2000,12,AP,APDPE,452,Y
10741,2000,12,AP,APDPW,825,Y
10742,2000,12,AP,APEI,231,Y
10743,2000,12,AP,APW,28,Y
10744,2000,12,SG,,598,N
10745,2001,1,AP,APBSE,195,Y
10746,2001,1,AP,APBSW,369,Y
10747,2001,1,AP,APDPE,311,Y
10748,2001,1,AP,APDPW,1137,Y
10749,2001,1,AP,APEI,578,Y
10750,2001,1,AP,APW,601,Y
10751,2001,1,SG,,232,N
10752,2001,2,AP,APBSE,4,Y
10753,2001,2,AP,APBSW,26,Y
10754,2001,2,AP,APDPE,1341,Y
10755,2001,2,AP,APDPW,1028,Y
10756,2001,2,AP,APEI,869,Y
10757,2001,2,SG,,35,N
10758,2001,2,SO,SONE,21,Y
10759,2001,2,SO,SOSE,2328,Y
10760,2001,2,SO,SOW,661,Y
10761,2001,3,AP,APBSW,18,Y
10762,2001,3,AP,APDPE,1116,Y
10763,2001,3,AP,APDPW,2386,Y
10764,2001,3,AP,APEI,765,Y
10765,2001,3,AP,APPA,4,Y
10766,2001,3,SG,,1601,N
10767,2001,3,SO,SOSE,1521,Y
10768,2001,4,AP,APBSW,4,Y
10769,2001,4,AP,APDPE,5520,Y
10770,2001,4,AP,APDPW,3970,Y
10771,2001,4,AP,APEI,570,Y
10772,2001,4,SG,,3701,N
10773,2001,4,SO,SOW,10,Y
10774,2001,5,AP,APBSE,19,Y
10775,2001,5,AP,APBSW,38,Y
10776,2001,5,AP,APDPE,6999,Y
10777,2001,5,AP,APDPW,5443,Y
10778,2001,5,AP,APEI,836,Y
10779,2001,5,SG,,4172,N
10780,2001,5,SO,SOW,388,Y
10781,2001,6,AP,APBSE,185,Y
10782,2001,6,AP,APBSW,2015,Y
10783,2001,6,AP,APDPW,6185,Y
10784,2001,6,AP,APEI,235,Y
10785,2001,6,SG,SGE,7518,Y
10786,2001,6,SG,SGW,1022,Y
10787,2001,7,AP,,2302,N
10788,2001,7,SG,SGE,10551,Y
10789,2001,7,SG,SGW,1254,Y
10790,2001,8,SG,SGE,7782,Y
10791,2001,8,SG,SGPA,318,Y
10792,2001,8,SG,SGW,4056,Y
10793,2001,9,SG,SGE,3258,Y
10794,2001,9,SG,SGPA,129,Y
10795,2001,9,SG,SGW,3782,Y
10796,2001,10,SG,SGE,33,Y
10797,2001,10,SG,SGPA,23,Y
10798,2001,10,SG,SGW,2357,Y
10799,2001,10,SO,SOW,51,Y
10800,2002,1,AP,APBSE,56,Y
10801,2002,1,AP,APBSW,314,Y
10802,2002,1,AP,APDPE,57,Y
10803,2002,1,AP,APDPW,24,Y
10804,2002,1,AP,APEI,81,Y
10805,2002,1,SO,SONE,808,Y
10806,2002,1,SO,SOW,650,Y
10807,2002,2,AP,APDPE,739,Y
10808,2002,2,AP,APEI,2363,Y
10809,2002,2,AP,APPA,4,Y
10810,2002,2,SO,SONE,1175,Y
10811,2002,2,SO,SOPA,11,Y
10812,2002,2,SO,SOSE,775,Y
10813,2002,2,SO,SOW,7080,Y
10814,2002,3,AP,APEI,1451,Y
10815,2002,3,SO,SONE,1338,Y
10816,2002,3,SO,SOSE,92,Y
10817,2002,3,SO,SOW,14390,Y
10818,2002,4,AP,APDPE,346,Y
10819,2002,4,AP,APDPW,360,Y
10820,2002,4,AP,APEI,122,Y
10821,2002,4,SO,SOPA,61,Y
10822,2002,4,SO,SOSE,33,Y
10823,2002,4,SO,SOW,22284,Y
10824,2002,5,AP,APBSW,11,Y
10825,2002,5,AP,APDPE,111,Y
10826,2002,5,AP,APDPW,2999,Y
10827,2002,5,AP,APPA,134,Y
10828,2002,5,AP,APW,3,Y
10829,2002,5,SO,SOW,14655,Y
10830,2002,6,AP,APDPW,1472,Y
10831,2002,6,SG,SGE,3634,Y
10832,2002,6,SO,SONE,5,Y
10833,2002,6,SO,SOSE,38,Y
10834,2002,6,SO,SOW,8665,Y
10835,2002,7,SG,SGE,20722,Y
10836,2002,7,SG,SGPA,49,Y
10837,2002,8,SG,SGE,6984,Y
10838,2002,8,SG,SGPA,2741,Y
10839,2002,8,SG,SGW,3076,Y
10840,2002,9,SG,SGE,761,Y
10841,2002,9,SG,SGPA,444,Y
10842,2002,9,SG,SGW,4384,Y
10843,2002,10,SG,SGW,487,Y
10844,2002,12,AP,,89,N
10845,2002,12,SG,,773,N
10846,2003,1,AP,APDPE,194,Y
10847,2003,1,AP,APDPW,338,Y
10848,2003,1,AP,APEI,5,Y
10849,2003,1,SO,SOPA,419,Y
10850,2003,2,AP,APBSW,42,Y
10851,2003,2,AP,APDPE,80,Y
10852,2003,2,AP,APDPW,3514,Y
10853,2003,2,AP,APEI,894,Y
10854,2003,2,AP,APPA,11,Y
10855,2003,2,AP,APW,22,Y
10856,2003,2,SO,SONE,48,Y
10857,2003,2,SO,SOPA,35,Y
10858,2003,2,SO,SOSE,48,Y
10859,2003,2,SO,SOW,827,Y
10860,2003,3,AP,APBSE,4,Y
10861,2003,3,AP,APBSW,196,Y
10862,2003,3,AP,APDPE,130,Y
10863,2003,3,AP,APDPW,5455,Y
10864,2003,3,AP,APEI,11,Y
10865,2003,3,AP,APPA,4,Y
10866,2003,3,AP,APW,17,Y
10867,2003,3,SO,SONE,10,Y
10868,2003,3,SO,SOW,2706,Y
10869,2003,4,AP,APDPE,1061,Y
10870,2003,4,AP,APDPW,6848,Y
10871,2003,4,AP,APEI,74,Y
10872,2003,4,SO,SOPA,13,Y
10873,2003,4,SO,SOW,10011,Y
10874,2003,5,AP,APBSE,12,Y
10875,2003,5,AP,APBSW,122,Y
10876,2003,5,AP,APDPE,388,Y
10877,2003,5,AP,APDPW,15604,Y
10878,2003,5,AP,APPA,33,Y
10879,2003,5,AP,APW,18,Y
10880,2003,5,SG,SGE,2153,Y
10881,2003,5,SO,SOPA,78,Y
10882,2003,5,SO,SOW,1231,Y
10883,2003,6,AP,APDPW,211,Y
10884,2003,6,SG,SGE,22708,Y
10885,2003,6,SG,SGPA,100,Y
10886,2003,7,SG,SGE,10673,Y
10887,2003,7,SG,SGPA,616,Y
10888,2003,7,SG,SGW,5012,Y
10889,2003,8,SG,SGE,13312,Y
10890,2003,8,SG,SGPA,14,Y
10891,2003,8,SG,SGW,4744,Y
10892,2003,9,SG,SGE,2681,Y
10893,2003,9,SG,SGW,4139,Y
10894,2003,12,AP,APDPW,40,Y
10895,2003,12,AP,APEI,15,Y
10896,2004,1,AP,APBSW,11,Y
10897,2004,1,AP,APEI,8,Y
10898,2004,1,SG,SGE,14,Y
10899,2004,1,SG,SGW,2,Y
10900,2004,1,SO,SONE,133,Y
10901,2004,1,SO,SOPA,105,Y
10902,2004,1,SO,SOW,20,Y
10903,2004,2,AP,APBSE,1,Y
10904,2004,2,AP,APBSW,1,Y
10905,2004,2,AP,APDPE,206,Y
10906,2004,2,AP,APDPW,1093,Y
10907,2004,2,AP,APEI,32,Y
10908,2004,2,AP,APPA,129,Y
10909,2004,2,AP,APW,115,Y
10910,2004,2,SG,,1728,N
10911,2004,2,SO,SOPA,1,Y
10912,2004,3,AP,APBSE,37,Y
10913,2004,3,AP,APDPE,943,Y
10914,2004,3,AP,APDPW,2688,Y
10915,2004,3,AP,APEI,4142,Y
10916,2004,3,AP,APPA,73,Y
10917,2004,3,AP,APW,7,Y
10918,2004,3,SO,SOPA,9,Y
10919,2004,3,SO,SOW,8317,Y
10920,2004,4,AP,APBSE,604,Y
10921,2004,4,AP,APBSW,222,Y
10922,2004,4,AP,APDPE,4,Y
10923,2004,4,SO,SONE,9,Y
10924,2004,4,SO,SOSE,47,Y
10925,2004,4,SO,SOW,23191,Y
10926,2004,5,AP,APDPW,45,Y
10927,2004,5,AP,APEI,258,Y
10928,2004,5,SG,SGE,3379,Y
10929,2004,5,SG,SGPA,72,Y
10930,2004,5,SG,SGW,2200,Y
10931,2004,5,SO,SONE,650,Y
10932,2004,5,SO,SOPA,45,Y
10933,2004,5,SO,SOW,12426,Y
10934,2004,6,AP,APBSE,53,Y
10935,2004,6,AP,APBSW,2,Y
10936,2004,6,AP,APEI,425,Y
10937,2004,6,SG,SGE,2439,Y
10938,2004,6,SG,SGPA,66,Y
10939,2004,6,SG,SGW,21497,Y
10940,2004,7,AP,APBSE,1199,Y
10941,2004,7,AP,APBSW,164,Y
10942,2004,7,AP,APDPE,10,Y
10943,2004,7,AP,APEI,894,Y
10944,2004,7,AP,APPA,5,Y
10945,2004,7,SG,SGE,3957,Y
10946,2004,7,SG,SGPA,18,Y
10947,2004,7,SG,SGW,9152,Y
10948,2004,7,SO,SOW,29,Y
10949,2004,8,AP,APDPW,37,Y
10950,2004,8,AP,APEI,327,Y
10951,2004,8,SG,SGE,12466,Y
10952,2004,9,SG,SGE,544,Y
10953,2004,9,SG,SGPA,36,Y
10954,2004,9,SG,SGW,258,Y
10955,2004,10,AP,APDPE,77,Y
10956,2004,10,AP,APEI,13,Y
10957,2004,10,SO,SOPA,139,Y
10958,2004,10,SO,SOW,1333,Y
10959,2004,12,SG,SGW,0,Y
10960,2005,1,SG,SGW,0,Y
10961,2005,2,AP,APDPE,7,Y
10962,2005,2,AP,APDPW,322,Y
10963,2005,2,AP,APEI,9,Y
10964,2005,2,SO,SONE,1025,Y
10965,2005,2,SO,SOW,9520,Y
10966,2005,3,AP,APBSW,41,Y
10967,2005,3,AP,APDPE,27,Y
10968,2005,3,AP,APDPW,3181,Y
10969,2005,3,AP,APEI,13,Y
10970,2005,3,SO,SONE,574,Y
10971,2005,3,SO,SOSE,75,Y
10972,2005,3,SO,SOW,15828,Y
10973,2005,4,AP,APDPE,460,Y
10974,2005,4,AP,APDPW,1140,Y
10975,2005,4,AP,APEI,16,Y
10976,2005,4,AP,APPA,9,Y
10977,2005,4,SO,SONE,213,Y
10978,2005,4,SO,SOSE,32,Y
10979,2005,4,SO,SOW,29763,Y
10980,2005,5,AP,APBSW,6,Y
10981,2005,5,AP,APDPE,29,Y
10982,2005,5,AP,APDPW,392,Y
10983,2005,5,SG,SGE,5165,Y
10984,2005,5,SG,SGW,149,Y
10985,2005,5,SO,SONE,262,Y
10986,2005,5,SO,SOPA,52,Y
10987,2005,5,SO,SOW,16148,Y
10988,2005,6,SG,SGE,16782,Y
10989,2005,6,SG,SGPA,15,Y
10990,2005,6,SG,SGW,136,Y
10991,2005,7,SG,SGE,16583,Y
10992,2005,7,SG,SGPA,7,Y
10993,2005,7,SG,SGW,7,Y
10994,2005,8,AP,APDPE,1256,Y
10995,2005,8,SG,SGE,9577,Y
10996,2005,8,SG,SGW,15,Y
10997,2005,9,AP,APDPE,187,Y
10998,2005,12,SG,,0,N
10999,2006,1,SG,,2,N
11000,2006,2,SG,SGW,0,Y
11001,2006,2,SO,SONE,19,Y
11002,2006,2,SO,SOW,754,Y
11003,2006,3,AP,APBSW,11,Y
11004,2006,3,AP,APDPE,254,Y
11005,2006,3,AP,APDPW,10584,Y
11006,2006,3,AP,APEI,2200,Y
11007,2006,3,AP,APW,41,Y
11008,2006,3,SO,SONE,198,Y
11009,2006,3,SO,SOSE,7,Y
11010,2006,3,SO,SOW,2124,Y
11011,2006,4,AP,APDPE,1363,Y
11012,2006,4,AP,APDPW,20376,Y
11013,2006,5,AP,APBSE,16047,Y
11014,2006,5,AP,APBSW,2281,Y
11015,2006,5,AP,APDPE,3627,Y
11016,2006,5,AP,APDPW,5278,Y
11017,2006,6,AP,APBSE,161,Y
11018,2006,6,AP,APBSW,7918,Y
11019,2006,6,AP,APDPE,2560,Y
11020,2006,6,AP,APDPW,4314,Y
11021,2006,6,SG,SGE,1403,Y
11022,2006,7,AP,APBSE,4836,Y
11023,2006,7,AP,APBSW,2134,Y
11024,2006,7,AP,APDPE,1748,Y
11025,2006,7,AP,APDPW,660,Y
11026,2006,7,SG,SGE,2949,Y
11027,2006,7,SG,SGW,3333,Y
11028,2006,8,AP,APBSE,2170,Y
11029,2006,8,AP,APBSW,30,Y
11030,2006,8,AP,APDPE,6,Y
11031,2006,8,SG,SGE,2072,Y
11032,2006,8,SG,SGW,3434,Y
11033,2006,9,SG,SGE,206,Y
11034,2006,9,SG,SGW,1214,Y
11035,2006,10,AP,APBSE,210,Y
11036,2006,10,AP,APBSW,24,Y
11037,2006,12,AP,APDPE,385,Y
11038,2006,12,AP,APDPW,643,Y
11039,2007,1,AP,APDPE,268,Y
11040,2007,1,AP,APDPW,273,Y
11041,2007,1,SO,SOW,3929,Y
11042,2007,2,AP,APBSE,19,Y
11043,2007,2,AP,APBSW,3,Y
11044,2007,2,AP,APDPW,1581,Y
11045,2007,2,SO,SONE,264,Y
11046,2007,2,SO,SOW,4369,Y
11047,2007,3,AP,APBSW,35,Y
11048,2007,3,AP,APDPE,1062,Y
11049,2007,3,AP,APDPW,6125,Y
11050,2007,3,AP,APEI,1183,Y
11051,2007,3,SO,SONE,798,Y
11052,2007,3,SO,SOW,4066,Y
11053,2007,4,AP,APBSW,666,Y
11054,2007,4,AP,APDPE,565,Y
11055,2007,4,AP,APDPW,5198,Y
11056,2007,4,AP,APPA,47,Y
11057,2007,4,SO,SOPA,9,Y
11058,2007,4,SO,SOW,15547,Y
11059,2007,5,AP,,5,N
11060,2007,5,SO,SONE,1447,Y
11061,2007,5,SO,SOW,27070,Y
11062,2007,6,AP,APBSW,112,Y
11063,2007,6,AP,APDPW,246,Y
11064,2007,6,AP,APW,4,Y
11065,2007,6,SG,SGE,2068,Y
11066,2007,6,SG,SGW,988,Y
11067,2007,6,SO,SONE,903,Y
11068,2007,6,SO,SOW,7189,Y
11069,2007,7,SG,SGE,11605,Y
11070,2007,7,SG,SGPA,6,Y
11071,2007,7,SG,SGW,1222,Y
11072,2007,8,SG,SGE,3649,Y
11073,2007,8,SG,SGPA,30,Y
11074,2007,8,SG,SGW,1009,Y
11075,2007,12,AP,APEI,952,Y
11076,2007,12,SO,SOW,484,Y
11077,2008,1,AP,APEI,1497,Y
11078,2008,1,SG,SGW,0,Y
11079,2008,1,SO,SOW,4801,Y
11080,2008,2,AP,APDPE,113,Y
11081,2008,2,AP,APDPW,218,Y
11082,2008,2,AP,APEI,104,Y
11083,2008,2,SG,SGW,0,Y
11084,2008,2,SO,SONE,61,Y
11085,2008,2,SO,SOW,14185,Y
11086,2008,3,SG,SGW,2,Y
11087,2008,3,SO,SONE,129,Y
11088,2008,3,SO,SOSE,12,Y
11089,2008,3,SO,SOW,32353,Y
11090,2008,4,SO,SOW,24904,Y
11091,2008,5,SG,SGW,464,Y
11092,2008,5,SO,SOW,15901,Y
11093,2008,6,SG,SGE,331,Y
11094,2008,6,SG,SGW,22153,Y
11095,2008,6,SO,SOW,556,Y
11096,2008,7,SG,SGE,18151,Y
11097,2008,7,SG,SGW,5058,Y
11098,2008,8,SG,SGE,5063,Y
11099,2008,8,SG,SGW,7487,Y
11100,2008,9,SG,SGW,1543,Y
11101,2008,12,SO,SONE,52,Y
11102,2008,12,SO,SOW,83,Y
11103,2009,1,AP,APDPE,2,Y
11104,2009,1,AP,APDPW,52,Y
11105,2009,1,AP,APEI,616,Y
11106,2009,1,SO,SONE,651,Y
11107,2009,1,SO,SOPA,117,Y
11108,2009,1,SO,SOW,2933,Y
11109,2009,2,SG,SGW,0,Y
11110,2009,2,SO,SONE,112,Y
11111,2009,2,SO,SOW,7202,Y
11112,2009,3,AP,APBSE,167,Y
11113,2009,3,AP,APBSW,238,Y
11114,2009,3,AP,APDPE,622,Y
11115,2009,3,AP,APDPW,1029,Y
11116,2009,3,AP,APE,2248,Y
11117,2009,3,AP,APEI,1190,Y
11118,2009,3,AP,APPA,1036,Y
11119,2009,3,SO,SOPA,1526,Y
11120,2009,3,SO,SOW,3828,Y
11121,2009,4,AP,APBSE,13232,Y
11122,2009,4,AP,APDPW,2,Y
11123,2009,4,AP,APE,818,Y
11124,2009,4,AP,APEI,2019,Y
11125,2009,4,AP,APPA,462,Y
11126,2009,4,SO,SONE,61,Y
11127,2009,4,SO,SOW,10046,Y
11128,2009,5,AP,APBSE,6952,Y
11129,2009,5,AP,APBSW,500,Y
11130,2009,5,AP,APDPE,918,Y
11131,2009,5,AP,APDPW,5,Y
11132,2009,5,SO,SOW,22373,Y
11133,2009,6,SO,SONE,7,Y
11134,2009,6,SO,SOW,26263,Y
11135,2009,7,SO,SOW,16582,Y
11136,2009,8,SG,SGE,0,Y
11137,2009,10,AP,APBSE,9,Y
11138,2009,10,AP,APDPW,573,Y
11139,2009,11,AP,APBSE,3,Y
11140,2009,11,AP,APBSW,3,Y
11141,2009,11,AP,APDPE,6,Y
11142,2009,11,AP,APDPW,1256,Y
11143,2009,11,AP,APEI,13,Y
11144,2009,11,SO,SONE,5,Y
11145,2009,11,SO,SOPA,14,Y
11146,2009,11,SO,SOW,0,Y
11147,2009,12,AP,APDPE,357,Y
11148,2009,12,AP,APDPW,264,Y
11149,2009,12,AP,APEI,189,Y
11150,2010,1,AP,APPA,67,Y
11151,2010,1,SO,SOPA,180,Y
11152,2010,1,SO,SOW,10090,Y
11153,2010,2,AP,APBSE,148,Y
11154,2010,2,AP,APBSW,28,Y
11155,2010,2,AP,APDPE,135,Y
11156,2010,2,AP,APDPW,54,Y
11157,2010,2,AP,APEI,1344,Y
11158,2010,2,AP,APW,47,Y
11159,2010,2,SO,SONE,74,Y
11160,2010,2,SO,SOPA,154,Y
11161,2010,2,SO,SOSE,216,Y
11162,2010,2,SO,SOW,19738,Y
11163,2010,3,AP,APBSE,828,Y
11164,2010,3,AP,APBSW,2820,Y
11165,2010,3,AP,APDPE,67,Y
11166,2010,3,AP,APDPW,1204,Y
11167,2010,3,AP,APEI,235,Y
11168,2010,3,AP,APW,4770,Y
11169,2010,3,SO,SOW,14403,Y
11170,2010,4,AP,APBSE,13496,Y
11171,2010,4,AP,APBSW,10303,Y
11172,2010,4,AP,APDPW,568,Y
11173,2010,4,AP,APW,202,Y
11174,2010,4,SO,SOW,4143,Y
11175,2010,5,AP,APBSW,3524,Y
11176,2010,5,AP,APDPE,864,Y
11177,2010,5,AP,APDPW,12453,Y
11178,2010,5,AP,APW,977,Y
11179,2010,5,SG,SGE,6184,Y
11180,2010,6,AP,APBSE,527,Y
11181,2010,6,AP,APBSW,28352,Y
11182,2010,6,AP,APDPW,2552,Y
11183,2010,6,SG,SGE,2529,Y
11184,2010,7,AP,APBSE,4549,Y
11185,2010,7,AP,APBSW,21510,Y
11186,2010,7,AP,APDPW,275,Y
11187,2010,8,AP,APBSE,3172,Y
11188,2010,8,AP,APBSW,14156,Y
11189,2010,9,AP,APBSE,11430,Y
11190,2010,9,AP,APBSW,5053,Y
11191,2010,9,AP,APDPE,1864,Y
11192,2010,10,AP,APBSE,3417,Y
11193,2010,10,AP,APDPE,1461,Y
11194,2010,10,SO,SOPA,928,Y
11195,2010,10,SO,SOW,72,Y
11196,2010,12,AP,APDPE,2515,Y
11197,2010,12,AP,APEI,2,Y
11198,2010,12,AP,APPA,392,Y
11199,2011,1,AP,APBSE,115,Y
11200,2011,1,AP,APBSW,55,Y
11201,2011,1,AP,APDPE,352,Y
11202,2011,1,AP,APDPW,41,Y
11203,2011,1,SO,SOW,642,Y
11204,2011,2,SG,SGW,0,Y
11205,2011,2,SO,SONE,2398,Y
11206,2011,2,SO,SOW,10914,Y
11207,2011,3,AP,APDPW,154,Y
11208,2011,3,SO,SONE,1133,Y
11209,2011,3,SO,SOW,38870,Y
11210,2011,4,AP,APBSW,4,Y
11211,2011,4,AP,APDPE,732,Y
11212,2011,4,AP,APDPW,454,Y
11213,2011,4,AP,APEI,13,Y
11214,2011,4,AP,APW,10,Y
11215,2011,4,SO,SOSE,118,Y
11216,2011,4,SO,SOW,28800,Y
11217,2011,5,AP,APDPE,4376,Y
11218,2011,5,SO,SONE,3,Y
11219,2011,5,SO,SOPA,412,Y
11220,2011,5,SO,SOSE,78,Y
11221,2011,5,SO,SOW,20211,Y
11222,2011,6,SG,SGE,13049,Y
11223,2011,6,SO,SOPA,79,Y
11224,2011,6,SO,SOW,10591,Y
11225,2011,7,SG,SGE,23134,Y
11226,2011,7,SG,SGW,915,Y
11227,2011,7,SO,SONE,305,Y
11228,2011,7,SO,SOW,1441,Y
11229,2011,8,SG,SGE,15708,Y
11230,2011,8,SG,SGW,491,Y
11231,2011,9,SG,SGE,1248,Y
11232,2011,9,SG,SGW,1256,Y
11233,2011,12,AP,APBSE,85,Y
11234,2011,12,AP,APBSW,11361,Y
11235,2011,12,AP,APDPE,4,Y
11236,2011,12,AP,APEI,1,Y
11237,2011,12,SO,SOPA,25,Y
11238,2012,1,AP,APBSE,925,Y
11239,2012,1,AP,APBSW,202,Y
11240,2012,1,AP,APDPE,3631,Y
11241,2012,1,AP,APDPW,63,Y
11242,2012,1,AP,APPA,9,Y
11243,2012,1,SO,SOW,6013,Y
11244,2012,2,AP,APBSE,41,Y
11245,2012,2,AP,APDPE,831,Y
11246,2012,2,AP,APDPW,103,Y
11247,2012,2,AP,APEI,36,Y
11248,2012,2,SO,SONE,166,Y
11249,2012,2,SO,SOW,12823,Y
11250,2012,3,AP,APBSE,883,Y
11251,2012,3,AP,APBSW,1253,Y
11252,2012,3,AP,APDPE,381,Y
11253,2012,3,AP,APEI,20,Y
11254,2012,3,SO,SOPA,17,Y
11255,2012,3,SO,SOW,9877,Y
11256,2012,4,AP,APBSE,310,Y
11257,2012,4,AP,APBSW,4686,Y
11258,2012,4,AP,APDPW,5798,Y
11259,2012,4,AP,APEI,4,Y
11260,2012,4,AP,APPA,1,Y
11261,2012,4,AP,APW,4363,Y
11262,2012,4,SO,SOW,118,Y
11263,2012,5,AP,APBSE,64,Y
11264,2012,5,AP,APBSW,3325,Y
11265,2012,5,AP,APDPW,13060,Y
11266,2012,5,AP,APW,7671,Y
11267,2012,6,AP,APBSE,1837,Y
11268,2012,6,AP,APBSW,7781,Y
11269,2012,6,AP,APDPE,19,Y
11270,2012,6,AP,APDPW,921,Y
11271,2012,6,AP,APW,4471,Y
11272,2012,6,SG,SGE,7563,Y
11273,2012,7,AP,APBSW,29,Y
11274,2012,7,AP,APW,400,Y
11275,2012,7,SG,SGE,17034,Y
11276,2012,7,SG,SGPA,24,Y
11277,2012,7,SG,SGW,354,Y
11278,2012,8,SG,SGE,18951,Y
11279,2012,8,SG,SGPA,3,Y
11280,2012,8,SG,SGW,1503,Y
11281,2012,9,SG,SGE,6668,Y
11282,2012,9,SG,SGPA,9,Y
11283,2012,9,SG,SGW,3332,Y
11284,2012,10,AP,APBSE,4,Y
11285,2012,10,AP,APBSW,63,Y
11286,2012,10,AP,APDPE,34,Y
11287,2012,10,AP,APDPW,68,Y
11288,2012,10,AP,APEI,13,Y
11289,2012,10,SG,SGPA,104,Y
11290,2012,10,SG,SGW,870,Y
11291,2012,11,AP,APBSE,529,Y
11292,2012,11,AP,APBSW,6,Y
11293,2012,11,AP,APDPW,345,Y
11294,2012,12,AP,APBSE,58,Y
11295,2012,12,AP,APDPE,245,Y
11296,2012,12,AP,APDPW,2,Y
11297,2013,1,AP,APBSE,387,Y
11298,2013,1,AP,APBSW,2045,Y
11299,2013,1,AP,APDPE,6748,Y
11300,2013,1,AP,APPA,66,Y
11301,2013,1,AP,APW,8170,Y
11302,2013,2,AP,APBSE,333,Y
11303,2013,2,AP,APBSW,17654,Y
11304,2013,2,AP,APDPE,488,Y
11305,2013,2,AP,APDPW,855,Y
11306,2013,2,AP,APEI,10,Y
11307,2013,2,AP,APPA,17,Y
11308,2013,2,AP,APW,5306,Y
11309,2013,3,AP,APBSE,5538,Y
11310,2013,3,AP,APBSW,28928,Y
11311,2013,3,AP,APDPW,2904,Y
11312,2013,3,AP,APEI,256,Y
11313,2013,4,AP,APBSE,7372,Y
11314,2013,4,AP,APBSW,20019,Y
11315,2013,4,AP,APDPE,7,Y
11316,2013,4,AP,APDPW,4,Y
11317,2013,4,SO,SOW,14261,Y
11318,2013,5,AP,APBSE,4247,Y
11319,2013,5,AP,APBSW,20463,Y
11320,2013,5,AP,APDPE,232,Y
11321,2013,5,AP,APDPW,80,Y
11322,2013,5,SO,SONE,4,Y
11323,2013,5,SO,SOW,7462,Y
11324,2013,6,AP,APBSE,212,Y
11325,2013,6,AP,APBSW,21182,Y
11326,2013,6,SG,SGE,2497,Y
11327,2013,6,SO,SOW,7247,Y
11328,2013,7,SG,SGE,15052,Y
11329,2013,7,SG,SGW,2971,Y
11330,2013,7,SO,SOW,2296,Y
11331,2013,8,SG,SGE,7093,Y
11332,2013,8,SG,SGW,443,Y
11333,2013,9,SG,SGE,1172,Y
11334,2013,9,SG,SGW,25,Y
11335,2013,10,SG,SGE,2968,Y
11336,2013,11,SO,SOPA,34,Y
11337,2013,11,SO,SOW,2,Y
11338,2013,12,AP,APBSE,1295,Y
11339,2013,12,AP,APBSW,990,Y
11340,2013,12,AP,APDPE,1466,Y
11341,2013,12,AP,APDPW,7844,Y
11342,2013,12,AP,APEI,670,Y
11343,2013,12,AP,APPA,112,Y
11344,2013,12,AP,APW,55,Y
11345,2014,1,AP,APBSE,2022,Y
11346,2014,1,AP,APBSW,1031,Y
11347,2014,1,AP,APDPE,2389,Y
11348,2014,1,AP,APDPW,8733,Y
11349,2014,1,AP,APW,2394,Y
11350,2014,1,SO,SOW,512,Y
11351,2014,2,AP,APBSE,1075,Y
11352,2014,2,AP,APBSW,4649,Y
11353,2014,2,AP,APDPE,3448,Y
11354,2014,2,AP,APDPW,2971,Y
11355,2014,2,AP,APW,3134,Y
11356,2014,2,SO,SONE,1673,Y
11357,2014,2,SO,SOW,17168,Y
11358,2014,3,AP,APBSE,18165,Y
11359,2014,3,AP,APBSW,8525,Y
11360,2014,3,AP,APDPW,6,Y
11361,2014,3,AP,APW,1170,Y
11362,2014,3,SO,SONE,852,Y
11363,2014,3,SO,SOW,20397,Y
11364,2014,4,AP,APBSE,24435,Y
11365,2014,4,AP,APBSW,25524,Y
11366,2014,4,SO,SOW,2054,Y
11367,2014,5,AP,APBSE,11912,Y
11368,2014,5,AP,APBSW,12176,Y
11369,2014,5,SO,SOW,19177,Y
11370,2014,6,SG,SGE,12657,Y
11371,2014,6,SO,SOW,10622,Y
11372,2014,7,SG,SGE,26979,Y
11373,2014,8,SG,SGE,29603,Y
11374,2014,9,SG,SGE,5810,Y
11375,2014,10,SG,SGE,120,Y
11376,2014,12,AP,APBSW,1010,Y
11377,2014,12,AP,APW,257,Y
11378,2015,1,AP,APBSE,1559,Y
11379,2015,1,AP,APBSW,5652,Y
11380,2015,1,AP,APDPE,20,Y
11381,2015,1,AP,APDPW,340,Y
11382,2015,1,AP,APEI,835,Y
11383,2015,1,AP,APW,4707,Y
11384,2015,1,SO,SOW,3358,Y
11385,2015,2,AP,APBSE,468,Y
11386,2015,2,AP,APBSW,319,Y
11387,2015,2,AP,APDPE,2483,Y
11388,2015,2,AP,APEI,3191,Y
11389,2015,2,AP,APW,685,Y
11390,2015,2,SO,SONE,2931,Y
11391,2015,2,SO,SOW,10720,Y
11392,2015,3,AP,APBSE,27206,Y
11393,2015,3,AP,APBSW,16592,Y
11394,2015,3,AP,APDPE,467,Y
11395,2015,3,AP,APDPW,7,Y
11396,2015,3,AP,APEI,1629,Y
11397,2015,3,AP,APW,307,Y
11398,2015,4,AP,APBSE,4081,Y
11399,2015,4,AP,APBSW,28249,Y
11400,2015,4,AP,APW,12991,Y
11401,2015,4,SO,SONE,2,Y
11402,2015,4,SO,SOPA,8,Y
11403,2015,5,AP,APBSE,3434,Y
11404,2015,5,AP,APBSW,20165,Y
11405,2015,5,AP,APW,17523,Y
11406,2015,5,SG,SGE,1,Y
11407,2015,5,SO,SOW,82,Y
11408,2015,6,SG,SGE,16084,Y
11409,2015,7,SG,SGE,15715,Y
11410,2015,8,SG,SGE,14911,Y
11411,2015,9,SG,SGE,7657,Y
11412,2015,12,AP,APBSE,252,Y
11413,2015,12,AP,APBSW,3678,Y
11414,2015,12,AP,APW,7558,Y
11415,2016,1,AP,APBSE,60,Y
11416,2016,1,AP,APBSW,524,Y
11417,2016,1,AP,APDPE,2519,Y
11418,2016,1,AP,APEI,8,Y
11419,2016,1,AP,APW,1617,Y
11420,2016,1,SO,SONE,48,Y
11421,2016,1,SO,SOSE,123,Y
11422,2016,1,SO,SOW,21180,Y
11423,2016,2,AP,APBSE,5028,Y
11424,2016,2,AP,APBSW,4265,Y
11425,2016,2,AP,APDPE,2530,Y
11426,2016,2,AP,APDPW,10,Y
11427,2016,2,AP,APEI,617,Y
11428,2016,2,AP,APPA,3,Y
11429,2016,2,SO,SONE,346,Y
11430,2016,2,SO,SOSE,17,Y
11431,2016,2,SO,SOW,12399,Y
11432,2016,3,AP,APBSE,20104,Y
11433,2016,3,AP,APBSW,9889,Y
11434,2016,3,AP,APW,7464,Y
11435,2016,4,AP,APBSE,17153,Y
11436,2016,4,AP,APBSW,2968,Y
11437,2016,4,AP,APEI,0,Y
11438,2016,4,AP,APPA,10,Y
11439,2016,4,AP,APW,15050,Y
11440,2016,4,SO,SONE,42,Y
11441,2016,4,SO,SOW,147,Y
11442,2016,5,AP,APBSE,30212,Y
11443,2016,5,AP,APBSW,16780,Y
11444,2016,5,AP,APW,6143,Y
11445,2016,6,SG,SGE,15491,Y
11446,2016,6,SG,SGPA,218,Y
11447,2016,7,SG,SGE,24175,Y
11448,2016,8,SG,SGE,25732,Y
11449,2016,9,SG,SGE,5791,Y